{
  "$schema": "https://schema.management.azure.com/schemas/2015-01-01/deploymentTemplate.json#",
  "contentVersion": "1.0.0.0",
  "parameters": {
    "location": {
      "type": "string"
    },
    "vmName": {
      "type": "string"
    },
    "imageLocation": {
      "type": "string"
    },
    "storageAccountKey": {
      "type": "securestring"
    },
    "downloadScriptURI": {
      "type": "string"
    }
  },
  "variables": {
    "extensionApiVersion": "2015-06-15"
  },
  "resources": [
    {
      "type": "Microsoft.Compute/virtualMachines/extensions",
      "name": "[concat(parameters('vmName'), '/ext')]",
      "apiVersion": "[variables('extensionApiVersion')]",
      "location": "[parameters('location')]",
      "properties": {
        "publisher": "Microsoft.Azure.Extensions",
        "type": "CustomScript",
        "typeHandlerVersion": "2.0",
        "autoUpgradeMinorVersion": true,
        "settings": {
          "fileUris": [
            "[parameters('downloadScriptURI')]"
          ],
          "timestamp": 12345
        },
        "protectedSettings": {
          "commandToExecute": "[concat('bash download.sh ', parameters('imageLocation'),' ', parameters('storageAccountKey'))]"
        }
      }
    }
  ]
}
