{
  "$schema": "https://schema.management.azure.com/schemas/2015-01-01/deploymentTemplate.json#",
  "contentVersion": "1.0.0.0",
  "parameters": {
    "location": {
      "type": "string"
    },
    "vmName": {
      "type": "string"
    },
    "uniquePrefix": {
      "type": "string"
    },
    "index": {
      "type": "int"
    },
    "uploadScriptURI": {
      "type": "string"
    }
  },
  "variables": {
    "storageApiVersion": "2015-06-15",
    "extensionApiVersion": "2015-06-15",
    "saName": "[concat(uniqueString(concat(resourceGroup().id, parameters('uniquePrefix'), parameters('index'))), parameters('uniquePrefix'))]"
  },
  "resources": [
    {
      "type": "Microsoft.Compute/virtualMachines/extensions",
      "name": "[concat(parameters('vmName'), '/ext')]",
      "apiVersion": "[variables('extensionApiVersion')]",
      "location": "[parameters('location')]",
      "properties": {
        "publisher": "Microsoft.Azure.Extensions",
        "type": "CustomScript",
        "typeHandlerVersion": "2.0",
        "autoUpgradeMinorVersion": true,
        "settings": {
          "fileUris": [
            "[parameters('uploadScriptURI')]"
          ],
          "timestamp": 12345
        },
        "protectedSettings": {
          "commandToExecute": "[concat('bash upload.sh ', variables('saName'), ' ', listKeys(concat('Microsoft.Storage/storageAccounts/', variables('saName')), variables('storageApiVersion')).key1)]"
        }
      }
    }
  ]
}
