{
  "$schema": "https://schema.management.azure.com/schemas/2015-01-01/deploymentTemplate.json#",
  "contentVersion": "1.0.0.1",
  "parameters": {
    "VMsku": {
      "type": "string",
      "defaultValue": "Standard_D3_v2",
      "allowedValues": [
        "Standard_A8",
        "Standard_A9",
        "Standard_D2_v2",
        "Standard_D3_v2",
        "Standard_D4_v2",
        "Standard_D5_v2",
        "Standard_D11_v2",
        "Standard_D12_v2",
        "Standard_D13_v2",
        "Standard_D14_v2",
        "Standard_D15_v2",
        "Standard_DS2_v2",
        "Standard_DS3_v2",
        "Standard_DS4_v2",
        "Standard_DS5_v2",
        "Standard_DS11_v2",
        "Standard_DS12_v2",
        "Standard_DS13_v2",
        "Standard_DS14_v2",
        "Standard_DS15_v2",
        "Standard_F4",
        "Standard_F8",
        "Standard_F16",
        "Standard_F4s",
        "Standard_F8s",
        "Standard_F16s",
        "Standard_H8",
        "Standard_H16",
        "Standard_H8m",
        "Standard_H16m",
        "Standard_H16r",
        "Standard_H16mr",
        "Standard_NC6",
        "Standard_NC12",
        "Standard_NC24",
        "Standard_NC24r"
      ],
      "metadata": {
        "description": "Instance type to use for the compute nodes"
      }
    },
    "sharedStorage": {
      "type": "string",
      "defaultValue": "none",
      "allowedValues": [
        "none",
        "beegfs",
        "nfsonmaster"
      ],
      "metadata": {
        "description": "specify the shared storage to be used. beegfs=> beegfs cluster, nfsonmaster=> nfs share on the master"
      }
    },
    "scheduler": {
      "type": "string",
      "defaultValue": "none",
      "allowedValues": [
        "none",
        "pbspro"
      ],
      "metadata": {
        "description": "specify the job scheduler to be used"
      }
    },
    "computeNodeImage": {
      "type": "string",
      "defaultValue": "CentOS_7.2",
      "allowedValues": [
        "CentOS_6.7",
        "CentOS_7.2",
        "CentOS-HPC_7.1",
        "RHEL_7.2",
        "W2012R2"
      ],
      "metadata": {
        "description": "The VM image of the compute nodes"
      }
    },
    "vmSSPrefix": {
      "type": "string",
      "metadata": {
        "description": "Base string for naming resources (max length of 8)"
      },
      "maxLength": 8
    },
    "instanceCountPerVMSS": {
      "type": "int",
      "metadata": {
        "description": "Number of VM instances per Scaleset (100 or less)."
      },
      "defaultValue": 2,
      "maxValue": 100
    },
    "numberOfVMSS": {
      "type": "int",
      "defaultValue": 1,
      "maxValue": 100,
      "metadata": {
        "description": "Number of VMSSes to deploy (max of 100)"
      }
    },
    "RGvnetName": {
      "type": "string",
      "metadata": {
        "description": "Name of the RG of the virtual network to use."
      }
    },
    "adminUsername": {
      "type": "string",
      "metadata": {
        "description": "Admin username on all VMs."
      }
    },
    "adminPassword": {
      "type": "securestring",
      "defaultValue": "",
      "metadata": {
        "description": "Admin password on all VMs."
      }
    },
    "sshKeyData": {
      "type": "string",
      "metadata": {
        "description": "SSH rsa public key file as a string."
      }
    },
    "masterName": {
      "type": "string",
      "metadata": {
        "description": "Name of master VM name"
      }
    },
    "numberofusers": {
      "type": "string",
      "metadata": {
        "description": "Number of user IDs to provision"
      }
    }
  },
  "variables": {
    "location": "[resourceGroup().location]",
    "newStorageAccountSuffix": "[toLower(parameters('vmSSPrefix'))]",
    "deploymentApiVersion": "2015-11-01",
    "nodeSettings": {
      "VMsku": "[parameters('VMsku')]",
      "vnetRG": "[parameters('RGvnetName')]",
      "vnetName": "grid-vnet",
      "subnetName": "computeSubnet",
      "MasterName": "[parameters('masterName')]",
      "storageAccountType": "Standard_LRS",
      "sharedStorage": "[parameters('sharedStorage')]",
      "scheduler": "[parameters('scheduler')]",
      "numberofusers": "[parameters('numberofusers')]"
    },
    "osTypes": {
      "CentOS_6.7": {
        "os": "linux"
      },
      "CentOS_7.2": {
        "os": "linux"
      },
      "CentOS-HPC_7.1": {
        "os": "linux"
      },
      "RHEL_7.2": {
        "os": "linux"
      },
      "W2012R2": {
        "os": "windows"
      }
    },
    "computeNodeImages": {
      "CentOS_6.7": {
        "publisher": "OpenLogic",
        "offer": "CentOS",
        "sku": "6.7",
        "version": "latest"
      },
      "CentOS-HPC_7.1": {
        "publisher": "OpenLogic",
        "offer": "CentOS-HPC",
        "sku": "7.1",
        "version": "latest"
      },
      "CentOS_7.2": {
        "publisher": "OpenLogic",
        "offer": "CentOS",
        "sku": "7.2",
        "version": "latest"
      },
      "RHEL_7.2": {
        "publisher": "RedHat",
        "offer": "RHEL",
        "sku": "7.2",
        "version": "latest"
      },
      "W2012R2": {
        "publisher": "MicrosoftWindowsServer",
        "offer": "WindowsServer",
        "sku": "2012-R2-Datacenter",
        "version": "latest"
      }
    },
    "nodeOSSettings": {
      "osType": "[variables('osTypes')[parameters('computeNodeImage')]]",
      "adminUserName": "[parameters('adminUserName')]",
      "sshKeyData": "[parameters('sshKeyData')]",
      "imageReference": "[variables('computeNodeImages')[parameters('computeNodeImage')]]"
    },
    "node-OSTemplateUrl": "[uri(deployment().properties.templateLink.uri, concat('nodes-', variables('nodeOSSettings').osType.os,'-resources-md.json'))]"
  },
  "resources": [
    {
      "name": "[concat('clusterSet', copyindex())]",
      "type": "Microsoft.Resources/deployments",
      "apiVersion": "[variables('deploymentApiVersion')]",
      "copy": {
        "name": "deploymentLoop",
        "count": "[parameters('numberOfVMSS')]"
      },
      "dependsOn": [
      ],
      "properties": {
        "mode": "Incremental",
        "templateLink": {
          "uri": "[variables('node-OSTemplateUrl')]",
          "contentVersion": "1.0.0.0"
        },
        "parameters": {
          "nodeSettings": {
            "value": "[variables('nodeSettings')]"
          },
          "nodeOSSettings": {
            "value": "[variables('nodeOSSettings')]"
          },
          "vmSSName": {
            "value": "[concat(parameters('vmSSPrefix'), padLeft(copyindex(), 2, '0'))]"
          },
          "instanceCount": {
            "value": "[parameters('instanceCountPerVMSS')]"
          },
          "newStorageAccountSuffix": {
            "value": "[concat(variables('newStorageAccountSuffix'), padLeft(copyindex(), 2, '0'))]"
          },
          "adminPassword": {
            "value": "[parameters('adminPassword')]"
          }
        }
      }
    }

  ]
}
