 {
  "$schema": "https://schema.management.azure.com/schemas/2015-01-01/deploymentTemplate.json#",
  "contentVersion": "1.0.0.0",
  "parameters": {
    "networkSettings": {
      "type": "object",
      "metadata": {
        "Description": "Network settings object"
      }
    },
    "masterSettings": {
      "type": "object",
      "metadata": {
        "Description": "master settings object"
      }
    },
    "masterOSSettings": {
      "type": "object",
      "metadata": {
        "Description": "master OS settings object"
      }
    },
    "adminPassword": {
      "type": "securestring",
      "metadata": {
        "description": "password for the Virtual Machine."
      }
    }
  },
  "variables": {
    "location": "[resourceGroup().location]",
    "PremiumStorageMap": {
      "none": {
        "size": 0,
        "nbDisk": 0
      },
      "P10": {
        "size": 128,
        "nbDisk": 1    
      },
      "P20": {
        "size": 512,
        "nbDisk": 1
      },
      "P30": {
        "size": 1023,
        "nbDisk": 1
      }
    },
    "nbDataDisks": "[variables('PremiumStorageMap')[parameters('masterSettings').dataDiskSize].nbDisk]",
    "diskSize": "[variables('PremiumStorageMap')[parameters('masterSettings').dataDiskSize].size]",
    "dataDiskArray": [
      {
        "diskSizeGB": "[variables('diskSize')]",
        "lun": "0",
        "createOption": "Empty"
      },
      {
        "diskSizeGB": "[variables('diskSize')]",
        "lun": "1",
        "createOption": "Empty"
      },
      {
        "diskSizeGB": "[variables('diskSize')]",
        "lun": "2",
        "createOption": "Empty"
      },
      {
        "diskSizeGB": "[variables('diskSize')]",
        "lun": "3",
        "createOption": "Empty"
      },
      {
        "diskSizeGB": "[variables('diskSize')]",
        "lun": "4",
        "createOption": "Empty"
      },
      {
        "diskSizeGB": "[variables('diskSize')]",
        "lun": "5",
        "createOption": "Empty"
      },
      {
        "diskSizeGB": "[variables('diskSize')]",
        "lun": "6",
        "createOption": "Empty"
      },
      {
        "diskSizeGB": "[variables('diskSize')]",
        "lun": "7",
        "createOption": "Empty"
      }
    ],
    "sshKeyPath": "[concat('/home/',parameters('masterOSSettings').adminUserName,'/.ssh/authorized_keys')]",
    "StorageTemplateURIChoice": {
      "none": {
        "uri": "[uri(deployment().properties.templateLink.uri, 'storage-none.json')]",
        "params": ""
      },
      "beegfs": {
        "uri": "[uri(deployment().properties.templateLink.uri, 'BeeGFS/beegfs-script.json')]",
        "params": "[concat(parameters('masterSettings').Name, ' client')]"
      },
      "nfsonmaster": {
        "uri": "[uri(deployment().properties.templateLink.uri, 'nfs/nfsonmaster.json')]",
        "params": ""
      }
    },
    "SchedulerTemplateURIChoice": {
      "none": {
        "uri": "[uri(deployment().properties.templateLink.uri, 'scheduler-none.json')]"
      },
      "pbspro": {
        "uri": "[uri(deployment().properties.templateLink.uri, 'PBSPro/pbspro.json')]"
      }
    },
    "gangliaTemplateURI": "[uri(deployment().properties.templateLink.uri, 'Ganglia/ganglia.json')]",
    "masterScriptTemplateURI": "[uri(deployment().properties.templateLink.uri, 'master-linux-script.json')]",
    "customScriptTemplateURI": "[uri(deployment().properties.templateLink.uri, 'custom/custom-script.json')]",
    "computeApiVersion": "2016-04-30-preview",
    "deploymentApiVersion": "2016-09-01"
  },
  "resources": [
    {
      "type": "Microsoft.Compute/virtualMachines",
      "name": "[parameters('masterSettings').Name]",
      "location": "[variables('location')]",
      "apiVersion": "[variables('computeApiVersion')]",
      "dependsOn": [
      ],
      "properties": {
        "hardwareProfile": {
          "vmSize": "[parameters('masterSettings').VMsku]"
        },
        "osProfile": {
          "computerName": "[parameters('masterSettings').Name]",
          "adminUsername": "[parameters('masterOSSettings').adminUserName]",
          "linuxConfiguration": {
            "disablePasswordAuthentication": "true",
            "ssh": {
              "publicKeys": [
                {
                  "path": "[variables('sshKeyPath')]",
                  "keyData": "[parameters('masterOSSettings').sshKeyData]"
                }
              ]
            }
          }
        },
        "storageProfile": {
          "imageReference": "[parameters('masterOSSettings').imageReference]",
          "osDisk": {
            "caching": "ReadOnly",
            "createOption": "FromImage"
          },
          "dataDisks": "[take(variables('dataDiskArray'),variables('nbDataDisks'))]"
        },
        "networkProfile": {
          "networkInterfaces": [
            {
              "id": "[resourceId('Microsoft.Network/networkInterfaces',parameters('masterSettings').NicName)]"
            }
          ]
        },
        "diagnosticsProfile": {
          "bootDiagnostics": {
            "enabled": "true",
            "storageUri": "[concat('http://',parameters('masterSettings').DiagSAName,'.blob.core.windows.net')]"
          }
        }
      }
    },
    {
      "name": "masterExtension",
      "type": "Microsoft.Resources/deployments",
      "apiVersion": "[variables('deploymentApiVersion')]",
      "dependsOn": [
        "[concat('Microsoft.Compute/virtualMachines/', parameters('masterSettings').Name)]"
      ],
      "properties": {
        "mode": "Incremental",
        "templateLink": {
          "uri": "[variables('masterScriptTemplateURI')]",
          "contentVersion": "1.0.0.0"
        },
        "parameters": {
          "vmName": { "value": "[parameters('masterSettings').Name]" }
        }
      }
    },
    {
      "name": "ganglia",
      "type": "Microsoft.Resources/deployments",
      "apiVersion": "[variables('deploymentApiVersion')]",
      "dependsOn": [
        "masterExtension"
      ],
      "properties": {
        "mode": "Incremental",
        "templateLink": {
          "uri": "[variables('gangliaTemplateURI')]",
          "contentVersion": "1.0.0.0"
        },
        "parameters": {
          "vmName": { "value": "[parameters('masterSettings').Name]" },
          "masterName": { "value": "[parameters('masterSettings').Name]" }
        }
      }
    },
    {
      "name": "scheduler",
      "type": "Microsoft.Resources/deployments",
      "apiVersion": "[variables('deploymentApiVersion')]",
      "dependsOn": [
        "ganglia"
      ],
      "properties": {
        "mode": "Incremental",
        "templateLink": {
          "uri": "[variables('SchedulerTemplateURIChoice')[parameters('masterSettings').scheduler].uri]",
          "contentVersion": "1.0.0.0"
        },
        "parameters": {
          "vmName": { "value": "[parameters('masterSettings').Name]" },
          "masterName": { "value": "[parameters('masterSettings').Name]" }
        }
      }
    },
    {
      "name": "storage",
      "type": "Microsoft.Resources/deployments",
      "apiVersion": "[variables('deploymentApiVersion')]",
      "dependsOn": [
        "scheduler"
      ],
      "properties": {
        "mode": "Incremental",
        "templateLink": {
          "uri": "[variables('StorageTemplateURIChoice')[parameters('masterSettings').sharedStorage].uri]",
          "contentVersion": "1.0.0.0"
        },
        "parameters": {
          "vmName": { "value": "[parameters('masterSettings').Name]" },
          "params": { "value": "[variables('StorageTemplateURIChoice')[parameters('masterSettings').sharedStorage].params]" }
        }
      }
    }
  ]
}
