{
  "$schema": "https://schema.management.azure.com/schemas/2015-01-01/deploymentTemplate.json#",
  "contentVersion": "1.0.0.0",
  "parameters": {
    "nsgName": {
      "type": "string",
      "metadata": {
        "description": "Name of the NSG to create"
      }
    }
  },
  "variables": {
    "location": "[resourceGroup().location]",
    "networkApiVersion": "2016-03-30"
  },
  "resources": [
    {
      "type": "Microsoft.Network/networkSecurityGroups",
      "name": "[parameters('nsgName')]",
      "apiVersion": "[variables('networkApiVersion')]",
      "location": "[variables('location')]",
      "properties": {
        "securityRules": [
          {
            "name": "ssh-rule",
            "properties": {
              "description": "Allow SSH",
              "protocol": "Tcp",
              "sourcePortRange": "*",
              "destinationPortRange": "22",
              "sourceAddressPrefix": "*",
              "destinationAddressPrefix": "*",
              "access": "Allow",
              "priority": 100,
              "direction": "Inbound"
            }
          },
          {
            "name": "web-rule",
            "properties": {
              "description": "Allow Web",
              "protocol": "Tcp",
              "sourcePortRange": "*",
              "destinationPortRange": "80",
              "sourceAddressPrefix": "*",
              "destinationAddressPrefix": "*",
              "access": "Allow",
              "priority": 1000,
              "direction": "Inbound"
            }
          },
          {
            "name": "beegfs-admon",
            "properties": {
              "description": "Allow BeeGFS admin UI",
              "protocol": "Tcp",
              "sourcePortRange": "*",
              "destinationPortRange": "8000",
              "sourceAddressPrefix": "*",
              "destinationAddressPrefix": "*",
              "access": "Allow",
              "priority": 2000,
              "direction": "Inbound"
            }
          }
        ]
      }
    }
  ]
}

