{
  "$schema": "https://schema.management.azure.com/schemas/2015-01-01/deploymentTemplate.json#",
  "contentVersion": "1.0.0.0",
  "parameters": {
    "nodeSettings": {
      "type": "object",
      "metadata": {
        "Description": "node settings object"
      }
    },
    "nodeOSSettings": {
      "type": "object",
      "metadata": {
        "Description": "node OS settings object"
      }
    },
    "vmIndex": {
      "type": "string",
      "metadata": {
        "description": "Index number of the VM"
      },
      "maxLength": 2
    }
  },
  "variables": {
    "vmPrefix": {
      "both": {
        "prefix": "beegfs"
      },
      "meta": {
        "prefix": "meta"
      },
      "storage": {
        "prefix": "store"
      }
    },
    "numStorageDisks": "[parameters('nodeSettings').numStorageDisks]",
    "numMetaDisks": "[parameters('nodeSettings').numMetadataDisks]",
    "storageAccountType": "Premium_LRS",
    "location": "[resourceGroup().location]",
    "vmName": "[concat(toLower(variables('vmPrefix')[parameters('nodeSettings').nodeType].prefix), parameters('vmIndex'))]",
    "dataStoreSA": "[concat(uniquestring(resourceGroup().id, variables('vmName')), variables('vmName'), 'sa')]",
    "osDiskName": "[concat(variables('vmName'), 'osdisk')]",
    "vnetID": "[resourceId(resourceGroup().name, 'Microsoft.Network/virtualNetworks', parameters('nodeSettings').vnetName)]",
    "subnetRef": "[concat(variables('vnetID'),'/subnets/', parameters('nodeSettings').subnetName)]",
    "nicName": "[concat(variables('vmName'), 'nic')]",
    "ipConfigName": "[concat(variables('vmName'), 'ipconfig')]",
    "computeApiVersion": "2016-03-30",
    "networkApiVersion": "2016-03-30",
    "storageApiVersion": "2015-06-15",
    "extensionApiVersion": "2015-06-15",
    "deploymentApiVersion": "2016-09-01",
    "beeGFSScriptTemplateURI": "[uri(deployment().properties.templateLink.uri, 'beegfs-script.json')]",
    "gangliaTemplateURI": "[uri(deployment().properties.templateLink.uri, '../Ganglia/ganglia.json')]",
    "installParams": "[concat(parameters('nodeSettings').MasterName, ' ', parameters('nodeSettings').nodeType, ' \"', parameters('nodeSettings').customDomain, '\"')]",
    "sshKeyPath": "[concat('/home/',parameters('nodeOSSettings').adminUserName,'/.ssh/authorized_keys')]",
    "storageDiskArray": [
      {
        "name": "datadisk0",
        "diskSizeGB": "[parameters('nodeSettings').storageDiskSize]",
        "lun": "[add(variables('numMetaDisks'), 0)]",
        "vhd": {
          "uri": "[concat('http://',variables('dataStoreSA'),'.blob.core.windows.net/vhds/',variables('vmName'),'-datadisk0.vhd')]"
        },
        "caching": "None",
        "createOption": "Empty"
      },
      {
        "name": "datadisk1",
        "diskSizeGB": "[parameters('nodeSettings').storageDiskSize]",
        "lun": "[add(variables('numMetaDisks'), 1)]",
        "vhd": {
          "uri": "[concat('http://',variables('dataStoreSA'),'.blob.core.windows.net/vhds/',variables('vmName'),'-datadisk1.vhd')]"
        },
        "caching": "None",
        "createOption": "Empty"
      },
      {
        "name": "datadisk2",
        "diskSizeGB": "[parameters('nodeSettings').storageDiskSize]",
        "lun": "[add(variables('numMetaDisks'), 2)]",
        "vhd": {
          "uri": "[concat('http://',variables('dataStoreSA'),'.blob.core.windows.net/vhds/',variables('vmName'),'-datadisk2.vhd')]"
        },
        "caching": "None",
        "createOption": "Empty"
      },
      {
        "name": "datadisk3",
        "diskSizeGB": "[parameters('nodeSettings').storageDiskSize]",
        "lun": "[add(variables('numMetaDisks'), 3)]",
        "vhd": {
          "uri": "[concat('http://',variables('dataStoreSA'),'.blob.core.windows.net/vhds/',variables('vmName'),'-datadisk3.vhd')]"
        },
        "caching": "None",
        "createOption": "Empty"
      },
      {
        "name": "datadisk4",
        "diskSizeGB": "[parameters('nodeSettings').storageDiskSize]",
        "lun": "[add(variables('numMetaDisks'), 4)]",
        "vhd": {
          "uri": "[concat('http://',variables('dataStoreSA'),'.blob.core.windows.net/vhds/',variables('vmName'),'-datadisk4.vhd')]"
        },
        "caching": "None",
        "createOption": "Empty"
      },
      {
        "name": "datadisk5",
        "diskSizeGB": "[parameters('nodeSettings').storageDiskSize]",
        "lun": "[add(variables('numMetaDisks'), 5)]",
        "vhd": {
          "uri": "[concat('http://',variables('dataStoreSA'),'.blob.core.windows.net/vhds/',variables('vmName'),'-datadisk5.vhd')]"
        },
        "caching": "None",
        "createOption": "Empty"
      },
      {
        "name": "datadisk6",
        "diskSizeGB": "[parameters('nodeSettings').storageDiskSize]",
        "lun": "[add(variables('numMetaDisks'), 6)]",
        "vhd": {
          "uri": "[concat('http://',variables('dataStoreSA'),'.blob.core.windows.net/vhds/',variables('vmName'),'-datadisk6.vhd')]"
        },
        "caching": "None",
        "createOption": "Empty"
      },
      {
        "name": "datadisk7",
        "diskSizeGB": "[parameters('nodeSettings').storageDiskSize]",
        "lun": "[add(variables('numMetaDisks'), 7)]",
        "vhd": {
          "uri": "[concat('http://',variables('dataStoreSA'),'.blob.core.windows.net/vhds/',variables('vmName'),'-datadisk7.vhd')]"
        },
        "caching": "None",
        "createOption": "Empty"
      }
    ],
    "metadataDiskArray": [
      {
        "name": "metadatadisk0",
        "diskSizeGB": "[parameters('nodeSettings').metadataDiskSize]",
        "lun": "0",
        "vhd": {
          "uri": "[concat('http://',variables('dataStoreSA'),'.blob.core.windows.net/vhds/',variables('vmName'),'-metadatadisk0.vhd')]"
        },
        "caching": "None",
        "createOption": "Empty"
      },
      {
        "name": "metadatadisk1",
        "diskSizeGB": "[parameters('nodeSettings').metadataDiskSize]",
        "lun": 1,
        "vhd": {
          "uri": "[concat('http://',variables('dataStoreSA'),'.blob.core.windows.net/vhds/',variables('vmName'),'-metadatadisk1.vhd')]"
        },
        "caching": "None",
        "createOption": "Empty"
      },
      {
        "name": "metadatadisk2",
        "diskSizeGB": "[parameters('nodeSettings').metadataDiskSize]",
        "lun": 2,
        "vhd": {
          "uri": "[concat('http://',variables('dataStoreSA'),'.blob.core.windows.net/vhds/',variables('vmName'),'-metadatadisk2.vhd')]"
        },
        "caching": "None",
        "createOption": "Empty"
      },
      {
        "name": "metadatadisk3",
        "diskSizeGB": "[parameters('nodeSettings').metadataDiskSize]",
        "lun": 3,
        "vhd": {
          "uri": "[concat('http://',variables('dataStoreSA'),'.blob.core.windows.net/vhds/',variables('vmName'),'-metadatadisk3.vhd')]"
        },
        "caching": "None",
        "createOption": "Empty"
      }
    ]
  },
  "resources": [
    {
      "type": "Microsoft.Network/networkInterfaces",
      "name": "[variables('nicName')]",
      "location": "[variables('location')]",
      "apiVersion": "[variables('networkApiVersion')]",
      "dependsOn": [
      ],
      "properties": {
        "ipConfigurations": [
          {
            "name": "[variables('ipConfigName')]",
            "properties": {
              "privateIPAllocationMethod": "Dynamic",
              "subnet": {
                "id": "[variables('subnetRef')]"
              }
            }
          }
        ]
      }
    },
    {
      "type": "Microsoft.Compute/virtualMachines",
      "name": "[variables('vmName')]",
      "location": "[variables('location')]",
      "apiVersion": "[variables('computeApiVersion')]",
      "dependsOn": [
        "[concat('Microsoft.Storage/storageAccounts/', variables('dataStoreSA'))]",
        "[concat('Microsoft.Network/networkInterfaces/', variables('nicName'))]"
      ],
      "properties": {
        "availabilitySet": {
          "id": "[resourceId('Microsoft.Compute/availabilitySets', parameters('nodeSettings').avsetName)]"
        },
        "hardwareProfile": {
          "vmSize": "[parameters('nodeSettings').VMsku]"
        },
        "osProfile": {
          "computerName": "[variables('vmName')]",
          "adminUsername": "[parameters('nodeOSSettings').adminUserName]",
          "linuxConfiguration": {
            "disablePasswordAuthentication": "true",
            "ssh": {
              "publicKeys": [
                {
                  "path": "[variables('sshKeyPath')]",
                  "keyData": "[parameters('nodeOSSettings').sshKeyData]"
                }
              ]
            }
          }
        },
        "storageProfile": {
          "imageReference": "[parameters('nodeOSSettings').imageReference]",
          "osDisk": {
            "name": "[variables('osDiskName')]",
            "vhd": {
              "uri": "[concat('https://', variables('dataStoreSA'), '.blob.core.windows.net/vhds/', variables('osDiskName'), '.vhd')]"
            },
            "caching": "ReadOnly",
            "createOption": "FromImage"
          },
          "dataDisks": "[concat(take(variables('storageDiskArray'),variables('numStorageDisks')), take(variables('metadataDiskArray'), variables('numMetaDisks')))]"
        },
        "networkProfile": {
          "networkInterfaces": [
            {
              "id": "[resourceId('Microsoft.Network/networkInterfaces',variables('nicName'))]"
            }
          ]
        }
      }
    },
    {
      "name": "[concat('beegfs-', variables('vmName'))]",
      "type": "Microsoft.Resources/deployments",
      "apiVersion": "[variables('deploymentApiVersion')]",
      "dependsOn": [
        "[concat('Microsoft.Compute/virtualMachines/', variables('vmName'))]"
      ],
      "properties": {
        "mode": "Incremental",
        "templateLink": {
          "uri": "[variables('beeGFSScriptTemplateURI')]",
          "contentVersion": "1.0.0.0"
        },
        "parameters": {
          "vmName": { "value": "[variables('vmName')]" },
          "params": { "value": "[variables('installParams')]" }
        }
      }
    },
    {
      "name": "[concat('ganglia-', variables('vmName'))]",
      "type": "Microsoft.Resources/deployments",
      "apiVersion": "[variables('deploymentApiVersion')]",
      "dependsOn": [
        "[concat('beegfs-', variables('vmName'))]"
      ],
      "properties": {
        "mode": "Incremental",
        "templateLink": {
          "uri": "[variables('gangliaTemplateURI')]",
          "contentVersion": "1.0.0.0"
        },
        "parameters": {
          "vmName": { "value": "[variables('vmName')]" },
          "masterName": { "value": "[parameters('nodeSettings').MasterName]" }
        }
      }
    },
    {
      "type": "Microsoft.Storage/storageAccounts",
      "name": "[variables('dataStoreSA')]",
      "location": "[variables('location')]",
      "apiVersion": "[variables('storageApiVersion')]",
      "properties": {
        "accountType": "[variables('storageAccountType')]"
      }
    }
  ]
}
